<?xml version = "1.0" encoding = "UTF-8" ?>
<Person id="personID" handle="tester" firstName="Joe" lastName="Citizen" isMale="true" forceHasNeopals="true">
  <!-- ID is not used yet, but may be used in the future for reference stuff. Handle is this person's account name for things like PointClicker and neopals.
  forceHasNeopals set to try guarantees they will have a neopals account generated. Otherwise it's random.-->
  
  <!-- Any string works here, but it's designed to accept a city name -->
  <Birthplace name="Califonia" />
  
    <!-- You can add as many degrees as you like here - these show up on the academic database-->
  <Degrees>
    <Degree uni="University of California" gpa="3.2">Bachelor of Software Engineering</Degree>
    <Degree uni="University of California" gpa="3.4">Bachelor of Business Management</Degree>
  </Degrees>

  <!-- This info shows up in the medical database-->
  <Medical>
    <Blood>AA</Blood>
    <Height>178</Height> <!-- Height in cm -->
    <Allergies>Commas,Separate,Allergies</Allergies>
    <Perscription>Spironolactone x70 bi-monthly :: Aldosterone Inhibitor as a cardiac regulator</Perscription>
    <Perscription>You can write whatever you want here!</Perscription>
    
    <Notes>These notes show up in the medical record too. You can include IP addresses and passwords etc here if you want.</Notes>
  </Medical>
  
  <!-- date and time of birth - used in medical records
  Format is: DD/MM/YYYY HH:MM:SS-->
  <DOB>17/02/1990 09:00:00</DOB>
  
  <Notes>These notes are never used in-game, but can be handy to keep track of stuff for your own purposes.</Notes>
</Person>