<CustomTheme>
  <!-- This defines the layout of the windows. The valid choices are:
  blue, green, white, mint, greencompact, riptide, colamaeleon and riptide2 - corresponding to the themes of those colors in the base game-->
  <themeLayoutName>blue</themeLayoutName>

  <!-- This is a path to the background image file. It should be 1920x1080, and a .jpg or .png file.
  If this is left out, the theme will automatically generate a dynamic background for the theme-->
  <backgroundImagePath>Themes/Backgrounds/Spiral.jpg</backgroundImagePath>

  <!-- Main Colors - these will define the main feel of the theme -->
  <!-- Color of nodes on the netmap, and many other derived colors. -->
  <defaultHighlightColor>207,60,28</defaultHighlightColor>
  <defaultTopBarColor>43,55,77,255</defaultTopBarColor>
  <!-- This is used for the outlines of the module windows -->
  <moduleColorSolidDefault>179,195,221</moduleColorSolidDefault>
  <moduleColorStrong>116,132,157,120</moduleColorStrong>
  <moduleColorBacking>5,7,6,155</moduleColorBacking>

  <exeModuleTopBar>207,60,28,80</exeModuleTopBar>
  <exeModuleTitleText>0,0,0,255</exeModuleTitleText>

  <!-- Extra Options -->
  <warningColor>255,0,0</warningColor>
  <subtleTextColor>90,90,90</subtleTextColor>
  <darkBackgroundColor>8,8,8</darkBackgroundColor>
  <indentBackgroundColor>12,12,12</indentBackgroundColor>
  <outlineColor>68,68,68</outlineColor>
  <lockedColor>125,30,66,200</lockedColor>
  <brightLockedColor>199,31,94</brightLockedColor>
  <brightUnlockedColor>26,183,137</brightUnlockedColor>
  <unlockedColor>30,125,97</unlockedColor>
  <lightGray>180,180,180</lightGray>
  <shellColor>214,92,158</shellColor>
  <shellButtonColor>105,167,188</shellButtonColor>
  <semiTransText>120,120,120,0</semiTransText>
  <terminalTextColor>198,215,244</terminalTextColor>
  <topBarTextColor>126,126,126,100</topBarTextColor>
  <superLightWhite>2,2,2,30</superLightWhite>
  <connectedNodeHighlight>222,0,0,195</connectedNodeHighlight>
  <netmapToolTipColor>213,245,255,0</netmapToolTipColor>
  <netmapToolTipBackground>0,0,0,70</netmapToolTipBackground>
  <topBarIconsColor>255,255,255</topBarIconsColor>
  <thisComputerNode>95,220,83</thisComputerNode>
  <scanlinesColor>255,255,255,15</scanlinesColor>

  <!-- AlienFX Colors used for Alienware (and other) hardware with variable LED lights that Hacknet can set dynamically -->
  <AFX_KeyboardMiddle>0,120,255</AFX_KeyboardMiddle>
  <AFX_KeyboardOuter>255,150,0</AFX_KeyboardOuter>
  <AFX_WordLogo>0,120,255</AFX_WordLogo>
  <AFX_Other>0,100,255</AFX_Other>
</CustomTheme>