<?xml version = "1.0" encoding = "UTF-8" ?>
<Computer id="mission2TestNode" name="Mission 2 Test Node" type="empty">

  
  <portsForCrack val="3" />
  <ports>22, 21, 25</ports>
  
  <trace time="100" /> <!-- 100 second trace -->

  <adminPass pass="12345" />

  <file path="home" name="example.txt">This is a file!
You can write whatever you want here.</file>

  <file path="bin" name="SSHCrack.exe">#SSH_CRACK#</file>
  <file path="bin" name="FTPBounce.exe">#FTP_CRACK#</file>
  <file path="bin" name="WebServerWorm.exe">#WEB_CRACK#</file>
  <file path="bin" name="SMTPOverflow.exe">#SMTP_CRACK#</file>
  
</Computer>